{"is_source_file": false, "format": "", "description": "", "external_files": [], "external_methods": [], "published": [], "classes": [], "methods": [], "calls": [], "search-terms": [], "state": 2, "file_id": 8, "knowledge_revision": 13, "git_revision": "40e1ea1c291a5b57c21b8e5e00e851cd1e8e9e30", "hash": "0c9f36dfd1a6dee9fa952c06ab7d9563", "format-version": 4, "code-base-name": "database", "filename": "database/db_visualizer/package.json", "revision_history": [{"13": "40e1ea1c291a5b57c21b8e5e00e851cd1e8e9e30"}]}