{"is_source_file": true, "format": "HTML", "description": "A complete HTML page implementing a database visualizer UI with embedded CSS and JavaScript for fetching and displaying database and table data dynamically.", "external_files": [], "external_methods": [], "published": [], "classes": [], "methods": [], "calls": ["refreshDatabases()", "loadDatabases()", "toggleDatabase()", "loadTables()", "loadTableData()", "renderTable()", "renderCell()", "expandCell()"], "search-terms": ["Database Viewer", "index.html", "client-side database visualization", "HTML CSS JavaScript embedded", "AJAX fetch for /api/ endpoints", "interactive table rendering", "UI interactions with database list"], "state": 2, "file_id": 6, "knowledge_revision": 14, "git_revision": "40e1ea1c291a5b57c21b8e5e00e851cd1e8e9e30", "hash": "ee63333a4841bf025439c755a74c9881", "format-version": 4, "code-base-name": "database", "filename": "database/db_visualizer/public/index.html", "revision_history": [{"14": "40e1ea1c291a5b57c21b8e5e00e851cd1e8e9e30"}]}