{"is_source_file": true, "format": "bash", "description": "A shell script that detects backup files and restores databases accordingly (SQLite, PostgreSQL, MySQL, MongoDB).", "external_files": ["database_backup.db", "database_backup.sql", "database_backup.archive"], "external_methods": ["ls", "cp", "sudo -u postgres pg_isready", "psql", "mysqladmin", "mysql", "mongosh", "mongorestore"], "published": [], "classes": [], "methods": [], "calls": ["ls /usr/lib/postgresql/", "sudo -u postgres ${PG_BIN}/pg_isready", "psql", "mysqladmin ping", "mysql", "mongosh --port ${DB_PORT} --eval \"db.adminCommand('ping')\"", "mongorestore --port ${DB_PORT} --archive=database_backup.archive --drop --quiet"], "search-terms": ["restore_db.sh", "database restore script", "PostgreSQL/MySQL/MongoDB restore", "backup detection bash script", "database restoration"], "state": 2, "file_id": 9, "knowledge_revision": 16, "git_revision": "40e1ea1c291a5b57c21b8e5e00e851cd1e8e9e30", "hash": "d42c3e6cbc3bbd627e3c08afcf4183ec", "format-version": 4, "code-base-name": "database", "filename": "database/restore_db.sh", "revision_history": [{"16": "40e1ea1c291a5b57c21b8e5e00e851cd1e8e9e30"}]}