{"is_source_file": true, "format": "bash", "description": "A shell script for automating database backups across multiple database systems (SQLite, PostgreSQL, MySQL, MongoDB). It detects the type of database running and performs an appropriate backup, saving the output to specified files.", "external_files": ["/usr/lib/postgresql/", "/var/run/mysqld/mysqld.sock"], "external_methods": ["ls", "cp", "echo", "sudo", "mysqladmin", "mysql", "mysqldump", "mongosh", "mongodump"], "published": [], "classes": [], "methods": [], "calls": ["ls", "cp", "echo", "sudo", "mysqladmin ping", "mysql", "mysqldump", "mongosh", "mongodump"], "search-terms": ["backup_db.sh", "database backup script", "SQLite", "PostgreSQL", "MySQL", "MongoDB", "database detection", "cross-database backup"], "state": 2, "file_id": 3, "knowledge_revision": 12, "git_revision": "40e1ea1c291a5b57c21b8e5e00e851cd1e8e9e30", "hash": "d7da372b768c895a33088027314656c3", "format-version": 4, "code-base-name": "database", "filename": "database/backup_db.sh", "revision_history": [{"12": "40e1ea1c291a5b57c21b8e5e00e851cd1e8e9e30"}]}